<?xml version="1.0" encoding="us-ascii" standalone="yes"?>
<!-- DFIN ActiveDisclosure(SM) XBRL Linkbase Document - http://www.dfinsolutions.com/ -->
<!-- Creation Date      : 2022-04-29T09:23:58.0356552+00:00 -->
<!-- Version            : 5.0.1.747 -->
<!-- Package ID         : d41130c499324f0189ae855bfa69720b -->
<!-- Copyright (c) 2022 Donnelley Financial Solutions, Inc. All Rights Reserved. -->
<link:linkbase xmlns:link="http://www.xbrl.org/2003/linkbase" xmlns:xlink="http://www.w3.org/1999/xlink" xmlns:xsi="http://www.w3.org/2001/XMLSchema-instance" xsi:schemaLocation="http://www.xbrl.org/2003/linkbase http://www.xbrl.org/2003/xbrl-linkbase-2003-12-31.xsd">
  <link:roleRef roleURI="http://www.xbrl.org/2009/role/negatedLabel" xlink:href="http://www.xbrl.org/lrr/role/negated-2009-12-16.xsd#negatedLabel" xlink:type="simple" />
  <link:roleRef roleURI="http://www.xbrl.org/2009/role/negatedNetLabel" xlink:href="http://www.xbrl.org/lrr/role/negated-2009-12-16.xsd#negatedNetLabel" xlink:type="simple" />
  <link:roleRef roleURI="http://www.xbrl.org/2009/role/negatedPeriodEndLabel" xlink:href="http://www.xbrl.org/lrr/role/negated-2009-12-16.xsd#negatedPeriodEndLabel" xlink:type="simple" />
  <link:roleRef roleURI="http://www.xbrl.org/2009/role/negatedPeriodStartLabel" xlink:href="http://www.xbrl.org/lrr/role/negated-2009-12-16.xsd#negatedPeriodStartLabel" xlink:type="simple" />
  <link:roleRef roleURI="http://www.xbrl.org/2009/role/negatedTerseLabel" xlink:href="http://www.xbrl.org/lrr/role/negated-2009-12-16.xsd#negatedTerseLabel" xlink:type="simple" />
  <link:roleRef roleURI="http://www.xbrl.org/2009/role/negatedTotalLabel" xlink:href="http://www.xbrl.org/lrr/role/negated-2009-12-16.xsd#negatedTotalLabel" xlink:type="simple" />
  <link:roleRef roleURI="http://www.xbrl.org/2009/role/netLabel" xlink:href="http://www.xbrl.org/lrr/role/net-2009-12-16.xsd#netLabel" xlink:type="simple" />
  <link:roleRef roleURI="http://fasb.org/us-gaap/role/label/axisDefault" xlink:href="https://xbrl.fasb.org/us-gaap/2021/elts/us-roles-2021-01-31.xsd#axisDefault" xlink:type="simple" />
  <link:labelLink xlink:role="http://www.xbrl.org/2003/role/link" xlink:type="extended">
    <link:loc xlink:href="https://xbrl.sec.gov/dei/2021q4/dei-2021q4.xsd#dei_EntityCentralIndexKey" xlink:type="locator" xlink:label="dei_EntityCentralIndexKey" />
    <link:label xml:lang="en-US" xlink:label="dei_EntityCentralIndexKey_lbl" xlink:type="resource" xlink:role="http://www.xbrl.org/2003/role/terseLabel">Entity Central Index Key</link:label>
    <link:labelArc xlink:type="arc" xlink:arcrole="http://www.xbrl.org/2003/arcrole/concept-label" xlink:from="dei_EntityCentralIndexKey" xlink:to="dei_EntityCentralIndexKey_lbl" />
    <link:loc xlink:href="https://xbrl.sec.gov/dei/2021q4/dei-2021q4.xsd#dei_CoverAbstract" xlink:type="locator" xlink:label="dei_CoverAbstract" />
    <link:label xml:lang="en-US" xlink:label="dei_CoverAbstract_lbl" xlink:type="resource" xlink:role="http://www.xbrl.org/2003/role/label">Cover [Abstract]</link:label>
    <link:labelArc xlink:type="arc" xlink:arcrole="http://www.xbrl.org/2003/arcrole/concept-label" xlink:from="dei_CoverAbstract" xlink:to="dei_CoverAbstract_lbl" />
    <link:loc xlink:href="https://xbrl.sec.gov/dei/2021q4/dei-2021q4.xsd#dei_DocumentType" xlink:type="locator" xlink:label="dei_DocumentType" />
    <link:label xml:lang="en-US" xlink:label="dei_DocumentType_lbl" xlink:type="resource" xlink:role="http://www.xbrl.org/2003/role/verboseLabel">Document Type</link:label>
    <link:labelArc xlink:type="arc" xlink:arcrole="http://www.xbrl.org/2003/arcrole/concept-label" xlink:from="dei_DocumentType" xlink:to="dei_DocumentType_lbl" />
    <link:label xml:lang="en-US" xlink:label="dei_DocumentType_lbl" xlink:type="resource" xlink:role="http://www.xbrl.org/2003/role/label">Document Type</link:label>
    <link:loc xlink:href="https://xbrl.sec.gov/dei/2021q4/dei-2021q4.xsd#dei_AmendmentFlag" xlink:type="locator" xlink:label="dei_AmendmentFlag" />
    <link:label xml:lang="en-US" xlink:label="dei_AmendmentFlag_lbl" xlink:type="resource" xlink:role="http://www.xbrl.org/2003/role/terseLabel">Amendment Flag</link:label>
    <link:labelArc xlink:type="arc" xlink:arcrole="http://www.xbrl.org/2003/arcrole/concept-label" xlink:from="dei_AmendmentFlag" xlink:to="dei_AmendmentFlag_lbl" />
    <link:label xml:lang="en-US" xlink:label="dei_AmendmentFlag_lbl" xlink:type="resource" xlink:role="http://www.xbrl.org/2003/role/label">Amendment Flag</link:label>
    <link:loc xlink:href="https://xbrl.sec.gov/dei/2021q4/dei-2021q4.xsd#dei_AmendmentDescription" xlink:type="locator" xlink:label="dei_AmendmentDescription" />
    <link:label xml:lang="en-US" xlink:label="dei_AmendmentDescription_lbl" xlink:type="resource" xlink:role="http://www.xbrl.org/2003/role/terseLabel">Amendment Description</link:label>
    <link:labelArc xlink:type="arc" xlink:arcrole="http://www.xbrl.org/2003/arcrole/concept-label" xlink:from="dei_AmendmentDescription" xlink:to="dei_AmendmentDescription_lbl" />
    <link:label xml:lang="en-US" xlink:label="dei_AmendmentDescription_lbl" xlink:type="resource" xlink:role="http://www.xbrl.org/2003/role/label">Amendment Description</link:label>
    <link:loc xlink:href="https://xbrl.sec.gov/dei/2021q4/dei-2021q4.xsd#dei_DocumentPeriodEndDate" xlink:type="locator" xlink:label="dei_DocumentPeriodEndDate" />
    <link:label xml:lang="en-US" xlink:label="dei_DocumentPeriodEndDate_lbl" xlink:type="resource" xlink:role="http://www.xbrl.org/2003/role/terseLabel">Document Period End Date</link:label>
    <link:labelArc xlink:type="arc" xlink:arcrole="http://www.xbrl.org/2003/arcrole/concept-label" xlink:from="dei_DocumentPeriodEndDate" xlink:to="dei_DocumentPeriodEndDate_lbl" />
    <link:label xml:lang="en-US" xlink:label="dei_DocumentPeriodEndDate_lbl" xlink:type="resource" xlink:role="http://www.xbrl.org/2003/role/label">Document Period End Date</link:label>
    <link:loc xlink:href="https://xbrl.sec.gov/dei/2021q4/dei-2021q4.xsd#dei_DocumentFiscalYearFocus" xlink:type="locator" xlink:label="dei_DocumentFiscalYearFocus" />
    <link:label xml:lang="en-US" xlink:label="dei_DocumentFiscalYearFocus_lbl" xlink:type="resource" xlink:role="http://www.xbrl.org/2003/role/terseLabel">Document Fiscal Year Focus</link:label>
    <link:labelArc xlink:type="arc" xlink:arcrole="http://www.xbrl.org/2003/arcrole/concept-label" xlink:from="dei_DocumentFiscalYearFocus" xlink:to="dei_DocumentFiscalYearFocus_lbl" />
    <link:label xml:lang="en-US" xlink:label="dei_DocumentFiscalYearFocus_lbl" xlink:type="resource" xlink:role="http://www.xbrl.org/2003/role/label">Document Fiscal Year Focus</link:label>
    <link:loc xlink:href="https://xbrl.sec.gov/dei/2021q4/dei-2021q4.xsd#dei_DocumentFiscalPeriodFocus" xlink:type="locator" xlink:label="dei_DocumentFiscalPeriodFocus" />
    <link:label xml:lang="en-US" xlink:label="dei_DocumentFiscalPeriodFocus_lbl" xlink:type="resource" xlink:role="http://www.xbrl.org/2003/role/terseLabel">Document Fiscal Period Focus</link:label>
    <link:labelArc xlink:type="arc" xlink:arcrole="http://www.xbrl.org/2003/arcrole/concept-label" xlink:from="dei_DocumentFiscalPeriodFocus" xlink:to="dei_DocumentFiscalPeriodFocus_lbl" />
    <link:label xml:lang="en-US" xlink:label="dei_DocumentFiscalPeriodFocus_lbl" xlink:type="resource" xlink:role="http://www.xbrl.org/2003/role/label">Document Fiscal Period Focus</link:label>
    <link:loc xlink:href="https://xbrl.sec.gov/dei/2021q4/dei-2021q4.xsd#dei_TradingSymbol" xlink:type="locator" xlink:label="dei_TradingSymbol" />
    <link:label xml:lang="en-US" xlink:label="dei_TradingSymbol_lbl" xlink:type="resource" xlink:role="http://www.xbrl.org/2003/role/terseLabel">Trading Symbol</link:label>
    <link:labelArc xlink:type="arc" xlink:arcrole="http://www.xbrl.org/2003/arcrole/concept-label" xlink:from="dei_TradingSymbol" xlink:to="dei_TradingSymbol_lbl" />
    <link:label xml:lang="en-US" xlink:label="dei_TradingSymbol_lbl" xlink:type="resource" xlink:role="http://www.xbrl.org/2003/role/label">Trading Symbol</link:label>
    <link:loc xlink:href="https://xbrl.sec.gov/dei/2021q4/dei-2021q4.xsd#dei_Security12bTitle" xlink:type="locator" xlink:label="dei_Security12bTitle" />
    <link:label xml:lang="en-US" xlink:label="dei_Security12bTitle_lbl" xlink:type="resource" xlink:role="http://www.xbrl.org/2003/role/terseLabel">Security 12b Title</link:label>
    <link:labelArc xlink:type="arc" xlink:arcrole="http://www.xbrl.org/2003/arcrole/concept-label" xlink:from="dei_Security12bTitle" xlink:to="dei_Security12bTitle_lbl" />
    <link:label xml:lang="en-US" xlink:label="dei_Security12bTitle_lbl" xlink:type="resource" xlink:role="http://www.xbrl.org/2003/role/label">Security12b Title</link:label>
    <link:loc xlink:href="https://xbrl.sec.gov/dei/2021q4/dei-2021q4.xsd#dei_SecurityExchangeName" xlink:type="locator" xlink:label="dei_SecurityExchangeName" />
    <link:label xml:lang="en-US" xlink:label="dei_SecurityExchangeName_lbl" xlink:type="resource" xlink:role="http://www.xbrl.org/2003/role/terseLabel">Security Exchange Name</link:label>
    <link:labelArc xlink:type="arc" xlink:arcrole="http://www.xbrl.org/2003/arcrole/concept-label" xlink:from="dei_SecurityExchangeName" xlink:to="dei_SecurityExchangeName_lbl" />
    <link:label xml:lang="en-US" xlink:label="dei_SecurityExchangeName_lbl" xlink:type="resource" xlink:role="http://www.xbrl.org/2003/role/label">Security Exchange Name</link:label>
    <link:loc xlink:href="https://xbrl.sec.gov/dei/2021q4/dei-2021q4.xsd#dei_EntityRegistrantName" xlink:type="locator" xlink:label="dei_EntityRegistrantName" />
    <link:label xml:lang="en-US" xlink:label="dei_EntityRegistrantName_lbl" xlink:type="resource" xlink:role="http://www.xbrl.org/2003/role/terseLabel">Entity Registrant Name</link:label>
    <link:labelArc xlink:type="arc" xlink:arcrole="http://www.xbrl.org/2003/arcrole/concept-label" xlink:from="dei_EntityRegistrantName" xlink:to="dei_EntityRegistrantName_lbl" />
    <link:label xml:lang="en-US" xlink:label="dei_EntityRegistrantName_lbl" xlink:type="resource" xlink:role="http://www.xbrl.org/2003/role/label">Entity Registrant Name</link:label>
    <link:label xml:lang="en-US" xlink:label="dei_EntityCentralIndexKey_lbl" xlink:type="resource" xlink:role="http://www.xbrl.org/2003/role/label">Entity Central Index Key</link:label>
    <link:loc xlink:href="https://xbrl.sec.gov/dei/2021q4/dei-2021q4.xsd#dei_CurrentFiscalYearEndDate" xlink:type="locator" xlink:label="dei_CurrentFiscalYearEndDate" />
    <link:label xml:lang="en-US" xlink:label="dei_CurrentFiscalYearEndDate_lbl" xlink:type="resource" xlink:role="http://www.xbrl.org/2003/role/terseLabel">Current Fiscal Year End Date</link:label>
    <link:labelArc xlink:type="arc" xlink:arcrole="http://www.xbrl.org/2003/arcrole/concept-label" xlink:from="dei_CurrentFiscalYearEndDate" xlink:to="dei_CurrentFiscalYearEndDate_lbl" />
    <link:label xml:lang="en-US" xlink:label="dei_CurrentFiscalYearEndDate_lbl" xlink:type="resource" xlink:role="http://www.xbrl.org/2003/role/label">Current Fiscal Year End Date</link:label>
    <link:loc xlink:href="https://xbrl.sec.gov/dei/2021q4/dei-2021q4.xsd#dei_EntityWellKnownSeasonedIssuer" xlink:type="locator" xlink:label="dei_EntityWellKnownSeasonedIssuer" />
    <link:label xml:lang="en-US" xlink:label="dei_EntityWellKnownSeasonedIssuer_lbl" xlink:type="resource" xlink:role="http://www.xbrl.org/2003/role/terseLabel">Entity Well-known Seasoned Issuer</link:label>
    <link:labelArc xlink:type="arc" xlink:arcrole="http://www.xbrl.org/2003/arcrole/concept-label" xlink:from="dei_EntityWellKnownSeasonedIssuer" xlink:to="dei_EntityWellKnownSeasonedIssuer_lbl" />
    <link:label xml:lang="en-US" xlink:label="dei_EntityWellKnownSeasonedIssuer_lbl" xlink:type="resource" xlink:role="http://www.xbrl.org/2003/role/label">Entity Well Known Seasoned Issuer</link:label>
    <link:loc xlink:href="https://xbrl.sec.gov/dei/2021q4/dei-2021q4.xsd#dei_EntityCurrentReportingStatus" xlink:type="locator" xlink:label="dei_EntityCurrentReportingStatus" />
    <link:label xml:lang="en-US" xlink:label="dei_EntityCurrentReportingStatus_lbl" xlink:type="resource" xlink:role="http://www.xbrl.org/2003/role/terseLabel">Entity Current Reporting Status</link:label>
    <link:labelArc xlink:type="arc" xlink:arcrole="http://www.xbrl.org/2003/arcrole/concept-label" xlink:from="dei_EntityCurrentReportingStatus" xlink:to="dei_EntityCurrentReportingStatus_lbl" />
    <link:label xml:lang="en-US" xlink:label="dei_EntityCurrentReportingStatus_lbl" xlink:type="resource" xlink:role="http://www.xbrl.org/2003/role/label">Entity Current Reporting Status</link:label>
    <link:loc xlink:href="https://xbrl.sec.gov/dei/2021q4/dei-2021q4.xsd#dei_EntityInteractiveDataCurrent" xlink:type="locator" xlink:label="dei_EntityInteractiveDataCurrent" />
    <link:label xml:lang="en-US" xlink:label="dei_EntityInteractiveDataCurrent_lbl" xlink:type="resource" xlink:role="http://www.xbrl.org/2003/role/terseLabel">Entity Interactive Data Current</link:label>
    <link:labelArc xlink:type="arc" xlink:arcrole="http://www.xbrl.org/2003/arcrole/concept-label" xlink:from="dei_EntityInteractiveDataCurrent" xlink:to="dei_EntityInteractiveDataCurrent_lbl" />
    <link:label xml:lang="en-US" xlink:label="dei_EntityInteractiveDataCurrent_lbl" xlink:type="resource" xlink:role="http://www.xbrl.org/2003/role/label">Entity Interactive Data Current</link:label>
    <link:loc xlink:href="https://xbrl.sec.gov/dei/2021q4/dei-2021q4.xsd#dei_EntityVoluntaryFilers" xlink:type="locator" xlink:label="dei_EntityVoluntaryFilers" />
    <link:label xml:lang="en-US" xlink:label="dei_EntityVoluntaryFilers_lbl" xlink:type="resource" xlink:role="http://www.xbrl.org/2003/role/terseLabel">Entity Voluntary Filers</link:label>
    <link:labelArc xlink:type="arc" xlink:arcrole="http://www.xbrl.org/2003/arcrole/concept-label" xlink:from="dei_EntityVoluntaryFilers" xlink:to="dei_EntityVoluntaryFilers_lbl" />
    <link:label xml:lang="en-US" xlink:label="dei_EntityVoluntaryFilers_lbl" xlink:type="resource" xlink:role="http://www.xbrl.org/2003/role/label">Entity Voluntary Filers</link:label>
    <link:loc xlink:href="https://xbrl.sec.gov/dei/2021q4/dei-2021q4.xsd#dei_EntityFilerCategory" xlink:type="locator" xlink:label="dei_EntityFilerCategory" />
    <link:label xml:lang="en-US" xlink:label="dei_EntityFilerCategory_lbl" xlink:type="resource" xlink:role="http://www.xbrl.org/2003/role/terseLabel">Entity Filer Category</link:label>
    <link:labelArc xlink:type="arc" xlink:arcrole="http://www.xbrl.org/2003/arcrole/concept-label" xlink:from="dei_EntityFilerCategory" xlink:to="dei_EntityFilerCategory_lbl" />
    <link:label xml:lang="en-US" xlink:label="dei_EntityFilerCategory_lbl" xlink:type="resource" xlink:role="http://www.xbrl.org/2003/role/label">Entity Filer Category</link:label>
    <link:loc xlink:href="https://xbrl.sec.gov/dei/2021q4/dei-2021q4.xsd#dei_EntitySmallBusiness" xlink:type="locator" xlink:label="dei_EntitySmallBusiness" />
    <link:label xml:lang="en-US" xlink:label="dei_EntitySmallBusiness_lbl" xlink:type="resource" xlink:role="http://www.xbrl.org/2003/role/terseLabel">Entity Small Business</link:label>
    <link:labelArc xlink:type="arc" xlink:arcrole="http://www.xbrl.org/2003/arcrole/concept-label" xlink:from="dei_EntitySmallBusiness" xlink:to="dei_EntitySmallBusiness_lbl" />
    <link:label xml:lang="en-US" xlink:label="dei_EntitySmallBusiness_lbl" xlink:type="resource" xlink:role="http://www.xbrl.org/2003/role/label">Entity Small Business</link:label>
    <link:loc xlink:href="https://xbrl.sec.gov/dei/2021q4/dei-2021q4.xsd#dei_EntityEmergingGrowthCompany" xlink:type="locator" xlink:label="dei_EntityEmergingGrowthCompany" />
    <link:label xml:lang="en-US" xlink:label="dei_EntityEmergingGrowthCompany_lbl" xlink:type="resource" xlink:role="http://www.xbrl.org/2003/role/terseLabel">Entity Emerging Growth Company</link:label>
    <link:labelArc xlink:type="arc" xlink:arcrole="http://www.xbrl.org/2003/arcrole/concept-label" xlink:from="dei_EntityEmergingGrowthCompany" xlink:to="dei_EntityEmergingGrowthCompany_lbl" />
    <link:label xml:lang="en-US" xlink:label="dei_EntityEmergingGrowthCompany_lbl" xlink:type="resource" xlink:role="http://www.xbrl.org/2003/role/label">Entity Emerging Growth Company</link:label>
    <link:loc xlink:href="https://xbrl.sec.gov/dei/2021q4/dei-2021q4.xsd#dei_EntityShellCompany" xlink:type="locator" xlink:label="dei_EntityShellCompany" />
    <link:label xml:lang="en-US" xlink:label="dei_EntityShellCompany_lbl" xlink:type="resource" xlink:role="http://www.xbrl.org/2003/role/terseLabel">Entity Shell Company</link:label>
    <link:labelArc xlink:type="arc" xlink:arcrole="http://www.xbrl.org/2003/arcrole/concept-label" xlink:from="dei_EntityShellCompany" xlink:to="dei_EntityShellCompany_lbl" />
    <link:label xml:lang="en-US" xlink:label="dei_EntityShellCompany_lbl" xlink:type="resource" xlink:role="http://www.xbrl.org/2003/role/label">Entity Shell Company</link:label>
    <link:loc xlink:href="https://xbrl.sec.gov/dei/2021q4/dei-2021q4.xsd#dei_EntityCommonStockSharesOutstanding" xlink:type="locator" xlink:label="dei_EntityCommonStockSharesOutstanding" />
    <link:label xml:lang="en-US" xlink:label="dei_EntityCommonStockSharesOutstanding_lbl" xlink:type="resource" xlink:role="http://www.xbrl.org/2003/role/terseLabel">Entity Common Stock, Shares Outstanding</link:label>
    <link:labelArc xlink:type="arc" xlink:arcrole="http://www.xbrl.org/2003/arcrole/concept-label" xlink:from="dei_EntityCommonStockSharesOutstanding" xlink:to="dei_EntityCommonStockSharesOutstanding_lbl" />
    <link:label xml:lang="en-US" xlink:label="dei_EntityCommonStockSharesOutstanding_lbl" xlink:type="resource" xlink:role="http://www.xbrl.org/2003/role/label">Entity Common Stock Shares Outstanding</link:label>
    <link:loc xlink:href="https://xbrl.sec.gov/dei/2021q4/dei-2021q4.xsd#dei_EntityPublicFloat" xlink:type="locator" xlink:label="dei_EntityPublicFloat" />
    <link:label xml:lang="en-US" xlink:label="dei_EntityPublicFloat_lbl" xlink:type="resource" xlink:role="http://www.xbrl.org/2003/role/terseLabel">Entity Public Float</link:label>
    <link:labelArc xlink:type="arc" xlink:arcrole="http://www.xbrl.org/2003/arcrole/concept-label" xlink:from="dei_EntityPublicFloat" xlink:to="dei_EntityPublicFloat_lbl" />
    <link:label xml:lang="en-US" xlink:label="dei_EntityPublicFloat_lbl" xlink:type="resource" xlink:role="http://www.xbrl.org/2003/role/label">Entity Public Float</link:label>
    <link:loc xlink:href="https://xbrl.sec.gov/dei/2021q4/dei-2021q4.xsd#dei_DocumentAnnualReport" xlink:type="locator" xlink:label="dei_DocumentAnnualReport" />
    <link:label xml:lang="en-US" xlink:label="dei_DocumentAnnualReport_lbl" xlink:type="resource" xlink:role="http://www.xbrl.org/2003/role/terseLabel">Document Annual Report</link:label>
    <link:labelArc xlink:type="arc" xlink:arcrole="http://www.xbrl.org/2003/arcrole/concept-label" xlink:from="dei_DocumentAnnualReport" xlink:to="dei_DocumentAnnualReport_lbl" />
    <link:label xml:lang="en-US" xlink:label="dei_DocumentAnnualReport_lbl" xlink:type="resource" xlink:role="http://www.xbrl.org/2003/role/label">Document Annual Report</link:label>
    <link:loc xlink:href="https://xbrl.sec.gov/dei/2021q4/dei-2021q4.xsd#dei_DocumentTransitionReport" xlink:type="locator" xlink:label="dei_DocumentTransitionReport" />
    <link:label xml:lang="en-US" xlink:label="dei_DocumentTransitionReport_lbl" xlink:type="resource" xlink:role="http://www.xbrl.org/2003/role/terseLabel">Document Transition Report</link:label>
    <link:labelArc xlink:type="arc" xlink:arcrole="http://www.xbrl.org/2003/arcrole/concept-label" xlink:from="dei_DocumentTransitionReport" xlink:to="dei_DocumentTransitionReport_lbl" />
    <link:label xml:lang="en-US" xlink:label="dei_DocumentTransitionReport_lbl" xlink:type="resource" xlink:role="http://www.xbrl.org/2003/role/label">Document Transition Report</link:label>
    <link:loc xlink:href="https://xbrl.sec.gov/dei/2021q4/dei-2021q4.xsd#dei_EntityFileNumber" xlink:type="locator" xlink:label="dei_EntityFileNumber" />
    <link:label xml:lang="en-US" xlink:label="dei_EntityFileNumber_lbl" xlink:type="resource" xlink:role="http://www.xbrl.org/2003/role/terseLabel">Entity File Number</link:label>
    <link:labelArc xlink:type="arc" xlink:arcrole="http://www.xbrl.org/2003/arcrole/concept-label" xlink:from="dei_EntityFileNumber" xlink:to="dei_EntityFileNumber_lbl" />
    <link:label xml:lang="en-US" xlink:label="dei_EntityFileNumber_lbl" xlink:type="resource" xlink:role="http://www.xbrl.org/2003/role/label">Entity File Number</link:label>
    <link:loc xlink:href="https://xbrl.sec.gov/dei/2021q4/dei-2021q4.xsd#dei_EntityIncorporationStateCountryCode" xlink:type="locator" xlink:label="dei_EntityIncorporationStateCountryCode" />
    <link:label xml:lang="en-US" xlink:label="dei_EntityIncorporationStateCountryCode_lbl" xlink:type="resource" xlink:role="http://www.xbrl.org/2003/role/terseLabel">Entity Incorporation, State or Country Code</link:label>
    <link:labelArc xlink:type="arc" xlink:arcrole="http://www.xbrl.org/2003/arcrole/concept-label" xlink:from="dei_EntityIncorporationStateCountryCode" xlink:to="dei_EntityIncorporationStateCountryCode_lbl" />
    <link:label xml:lang="en-US" xlink:label="dei_EntityIncorporationStateCountryCode_lbl" xlink:type="resource" xlink:role="http://www.xbrl.org/2003/role/label">Entity Incorporation State Country Code</link:label>
    <link:loc xlink:href="https://xbrl.sec.gov/dei/2021q4/dei-2021q4.xsd#dei_EntityTaxIdentificationNumber" xlink:type="locator" xlink:label="dei_EntityTaxIdentificationNumber" />
    <link:label xml:lang="en-US" xlink:label="dei_EntityTaxIdentificationNumber_lbl" xlink:type="resource" xlink:role="http://www.xbrl.org/2003/role/terseLabel">Entity Tax Identification Number</link:label>
    <link:labelArc xlink:type="arc" xlink:arcrole="http://www.xbrl.org/2003/arcrole/concept-label" xlink:from="dei_EntityTaxIdentificationNumber" xlink:to="dei_EntityTaxIdentificationNumber_lbl" />
    <link:label xml:lang="en-US" xlink:label="dei_EntityTaxIdentificationNumber_lbl" xlink:type="resource" xlink:role="http://www.xbrl.org/2003/role/label">Entity Tax Identification Number</link:label>
    <link:loc xlink:href="https://xbrl.sec.gov/dei/2021q4/dei-2021q4.xsd#dei_EntityAddressAddressLine1" xlink:type="locator" xlink:label="dei_EntityAddressAddressLine1" />
    <link:label xml:lang="en-US" xlink:label="dei_EntityAddressAddressLine1_lbl" xlink:type="resource" xlink:role="http://www.xbrl.org/2003/role/terseLabel">Entity Address, Address Line One</link:label>
    <link:labelArc xlink:type="arc" xlink:arcrole="http://www.xbrl.org/2003/arcrole/concept-label" xlink:from="dei_EntityAddressAddressLine1" xlink:to="dei_EntityAddressAddressLine1_lbl" />
    <link:label xml:lang="en-US" xlink:label="dei_EntityAddressAddressLine1_lbl" xlink:type="resource" xlink:role="http://www.xbrl.org/2003/role/label">Entity Address Address Line1</link:label>
    <link:loc xlink:href="https://xbrl.sec.gov/dei/2021q4/dei-2021q4.xsd#dei_EntityAddressCityOrTown" xlink:type="locator" xlink:label="dei_EntityAddressCityOrTown" />
    <link:label xml:lang="en-US" xlink:label="dei_EntityAddressCityOrTown_lbl" xlink:type="resource" xlink:role="http://www.xbrl.org/2003/role/terseLabel">Entity Address, City or Town</link:label>
    <link:labelArc xlink:type="arc" xlink:arcrole="http://www.xbrl.org/2003/arcrole/concept-label" xlink:from="dei_EntityAddressCityOrTown" xlink:to="dei_EntityAddressCityOrTown_lbl" />
    <link:label xml:lang="en-US" xlink:label="dei_EntityAddressCityOrTown_lbl" xlink:type="resource" xlink:role="http://www.xbrl.org/2003/role/label">Entity Address City Or Town</link:label>
    <link:loc xlink:href="https://xbrl.sec.gov/dei/2021q4/dei-2021q4.xsd#dei_EntityAddressStateOrProvince" xlink:type="locator" xlink:label="dei_EntityAddressStateOrProvince" />
    <link:label xml:lang="en-US" xlink:label="dei_EntityAddressStateOrProvince_lbl" xlink:type="resource" xlink:role="http://www.xbrl.org/2003/role/terseLabel">Entity Address, State or Province</link:label>
    <link:labelArc xlink:type="arc" xlink:arcrole="http://www.xbrl.org/2003/arcrole/concept-label" xlink:from="dei_EntityAddressStateOrProvince" xlink:to="dei_EntityAddressStateOrProvince_lbl" />
    <link:label xml:lang="en-US" xlink:label="dei_EntityAddressStateOrProvince_lbl" xlink:type="resource" xlink:role="http://www.xbrl.org/2003/role/label">Entity Address State Or Province</link:label>
    <link:loc xlink:href="https://xbrl.sec.gov/dei/2021q4/dei-2021q4.xsd#dei_EntityAddressPostalZipCode" xlink:type="locator" xlink:label="dei_EntityAddressPostalZipCode" />
    <link:label xml:lang="en-US" xlink:label="dei_EntityAddressPostalZipCode_lbl" xlink:type="resource" xlink:role="http://www.xbrl.org/2003/role/terseLabel">Entity Address, Postal Zip Code</link:label>
    <link:labelArc xlink:type="arc" xlink:arcrole="http://www.xbrl.org/2003/arcrole/concept-label" xlink:from="dei_EntityAddressPostalZipCode" xlink:to="dei_EntityAddressPostalZipCode_lbl" />
    <link:label xml:lang="en-US" xlink:label="dei_EntityAddressPostalZipCode_lbl" xlink:type="resource" xlink:role="http://www.xbrl.org/2003/role/label">Entity Address Postal Zip Code</link:label>
    <link:loc xlink:href="https://xbrl.sec.gov/dei/2021q4/dei-2021q4.xsd#dei_CityAreaCode" xlink:type="locator" xlink:label="dei_CityAreaCode" />
    <link:label xml:lang="en-US" xlink:label="dei_CityAreaCode_lbl" xlink:type="resource" xlink:role="http://www.xbrl.org/2003/role/terseLabel">City Area Code</link:label>
    <link:labelArc xlink:type="arc" xlink:arcrole="http://www.xbrl.org/2003/arcrole/concept-label" xlink:from="dei_CityAreaCode" xlink:to="dei_CityAreaCode_lbl" />
    <link:label xml:lang="en-US" xlink:label="dei_CityAreaCode_lbl" xlink:type="resource" xlink:role="http://www.xbrl.org/2003/role/label">City Area Code</link:label>
    <link:loc xlink:href="https://xbrl.sec.gov/dei/2021q4/dei-2021q4.xsd#dei_LocalPhoneNumber" xlink:type="locator" xlink:label="dei_LocalPhoneNumber" />
    <link:label xml:lang="en-US" xlink:label="dei_LocalPhoneNumber_lbl" xlink:type="resource" xlink:role="http://www.xbrl.org/2003/role/terseLabel">Local Phone Number</link:label>
    <link:labelArc xlink:type="arc" xlink:arcrole="http://www.xbrl.org/2003/arcrole/concept-label" xlink:from="dei_LocalPhoneNumber" xlink:to="dei_LocalPhoneNumber_lbl" />
    <link:label xml:lang="en-US" xlink:label="dei_LocalPhoneNumber_lbl" xlink:type="resource" xlink:role="http://www.xbrl.org/2003/role/label">Local Phone Number</link:label>
    <link:loc xlink:href="https://xbrl.sec.gov/dei/2021q4/dei-2021q4.xsd#dei_IcfrAuditorAttestationFlag" xlink:type="locator" xlink:label="dei_IcfrAuditorAttestationFlag" />
    <link:label xml:lang="en-US" xlink:label="dei_IcfrAuditorAttestationFlag_lbl" xlink:type="resource" xlink:role="http://www.xbrl.org/2003/role/terseLabel">ICFR Auditor Attestation Flag</link:label>
    <link:labelArc xlink:type="arc" xlink:arcrole="http://www.xbrl.org/2003/arcrole/concept-label" xlink:from="dei_IcfrAuditorAttestationFlag" xlink:to="dei_IcfrAuditorAttestationFlag_lbl" />
    <link:label xml:lang="en-US" xlink:label="dei_IcfrAuditorAttestationFlag_lbl" xlink:type="resource" xlink:role="http://www.xbrl.org/2003/role/label">Icfr Auditor Attestation Flag</link:label>
    <link:loc xlink:href="https://xbrl.sec.gov/dei/2021q4/dei-2021q4.xsd#dei_AuditorName" xlink:type="locator" xlink:label="dei_AuditorName" />
    <link:label xml:lang="en-US" xlink:label="dei_AuditorName_lbl" xlink:type="resource" xlink:role="http://www.xbrl.org/2003/role/terseLabel">Auditor Name</link:label>
    <link:labelArc xlink:type="arc" xlink:arcrole="http://www.xbrl.org/2003/arcrole/concept-label" xlink:from="dei_AuditorName" xlink:to="dei_AuditorName_lbl" />
    <link:label xml:lang="en-US" xlink:label="dei_AuditorName_lbl" xlink:type="resource" xlink:role="http://www.xbrl.org/2003/role/label">Auditor Name</link:label>
    <link:loc xlink:href="https://xbrl.sec.gov/dei/2021q4/dei-2021q4.xsd#dei_AuditorFirmId" xlink:type="locator" xlink:label="dei_AuditorFirmId" />
    <link:label xml:lang="en-US" xlink:label="dei_AuditorFirmId_lbl" xlink:type="resource" xlink:role="http://www.xbrl.org/2003/role/terseLabel">Auditor Firm ID</link:label>
    <link:labelArc xlink:type="arc" xlink:arcrole="http://www.xbrl.org/2003/arcrole/concept-label" xlink:from="dei_AuditorFirmId" xlink:to="dei_AuditorFirmId_lbl" />
    <link:label xml:lang="en-US" xlink:label="dei_AuditorFirmId_lbl" xlink:type="resource" xlink:role="http://www.xbrl.org/2003/role/label">Auditor Firm Id</link:label>
    <link:loc xlink:href="https://xbrl.sec.gov/dei/2021q4/dei-2021q4.xsd#dei_AuditorLocation" xlink:type="locator" xlink:label="dei_AuditorLocation" />
    <link:label xml:lang="en-US" xlink:label="dei_AuditorLocation_lbl" xlink:type="resource" xlink:role="http://www.xbrl.org/2003/role/terseLabel">Auditor Location</link:label>
    <link:labelArc xlink:type="arc" xlink:arcrole="http://www.xbrl.org/2003/arcrole/concept-label" xlink:from="dei_AuditorLocation" xlink:to="dei_AuditorLocation_lbl" />
    <link:label xml:lang="en-US" xlink:label="dei_AuditorLocation_lbl" xlink:type="resource" xlink:role="http://www.xbrl.org/2003/role/label">Auditor Location</link:label>
  </link:labelLink>
</link:linkbase>