<?xml version="1.0" encoding="us-ascii" standalone="yes"?>
<!-- DFIN ActiveDisclosure(SM) XBRL Linkbase Document - http://www.dfinsolutions.com/ -->
<!-- Creation Date      : 2022-04-29T09:23:58.0356552+00:00 -->
<!-- Version            : 5.0.1.747 -->
<!-- Package ID         : d41130c499324f0189ae855bfa69720b -->
<!-- Copyright (c) 2022 Donnelley Financial Solutions, Inc. All Rights Reserved. -->
<link:linkbase xmlns:link="http://www.xbrl.org/2003/linkbase" xmlns:xlink="http://www.w3.org/1999/xlink" xmlns:xsi="http://www.w3.org/2001/XMLSchema-instance" xsi:schemaLocation="http://www.xbrl.org/2003/linkbase http://www.xbrl.org/2003/xbrl-linkbase-2003-12-31.xsd">
  <link:roleRef roleURI="http://www.teslamotors.com/20211231/role/TemplateLink" xlink:href="tsla-20211231.xsd#TemplateLink" xlink:type="simple" />
  <link:roleRef roleURI="http://www.teslamotors.com/20211231/taxonomy/role/DocumentDocumentAndEntityInformation" xlink:href="tsla-20211231.xsd#Role_DocumentDocumentAndEntityInformation" xlink:type="simple" />
  <link:presentationLink xlink:type="extended" xlink:role="http://www.teslamotors.com/20211231/taxonomy/role/DocumentDocumentAndEntityInformation">
    <link:loc xlink:href="https://xbrl.sec.gov/dei/2021q4/dei-2021q4.xsd#dei_AuditorLocation" xlink:type="locator" xlink:label="dei_AuditorLocation" />
    <link:loc xlink:href="https://xbrl.sec.gov/dei/2021q4/dei-2021q4.xsd#dei_AuditorFirmId" xlink:type="locator" xlink:label="dei_AuditorFirmId" />
    <link:loc xlink:href="https://xbrl.sec.gov/dei/2021q4/dei-2021q4.xsd#dei_AuditorName" xlink:type="locator" xlink:label="dei_AuditorName" />
    <link:loc xlink:href="https://xbrl.sec.gov/dei/2021q4/dei-2021q4.xsd#dei_IcfrAuditorAttestationFlag" xlink:type="locator" xlink:label="dei_IcfrAuditorAttestationFlag" />
    <link:loc xlink:href="https://xbrl.sec.gov/dei/2021q4/dei-2021q4.xsd#dei_LocalPhoneNumber" xlink:type="locator" xlink:label="dei_LocalPhoneNumber" />
    <link:loc xlink:href="https://xbrl.sec.gov/dei/2021q4/dei-2021q4.xsd#dei_CityAreaCode" xlink:type="locator" xlink:label="dei_CityAreaCode" />
    <link:loc xlink:href="https://xbrl.sec.gov/dei/2021q4/dei-2021q4.xsd#dei_EntityAddressPostalZipCode" xlink:type="locator" xlink:label="dei_EntityAddressPostalZipCode" />
    <link:loc xlink:href="https://xbrl.sec.gov/dei/2021q4/dei-2021q4.xsd#dei_EntityAddressStateOrProvince" xlink:type="locator" xlink:label="dei_EntityAddressStateOrProvince" />
    <link:loc xlink:href="https://xbrl.sec.gov/dei/2021q4/dei-2021q4.xsd#dei_EntityAddressCityOrTown" xlink:type="locator" xlink:label="dei_EntityAddressCityOrTown" />
    <link:loc xlink:href="https://xbrl.sec.gov/dei/2021q4/dei-2021q4.xsd#dei_EntityAddressAddressLine1" xlink:type="locator" xlink:label="dei_EntityAddressAddressLine1" />
    <link:loc xlink:href="https://xbrl.sec.gov/dei/2021q4/dei-2021q4.xsd#dei_EntityTaxIdentificationNumber" xlink:type="locator" xlink:label="dei_EntityTaxIdentificationNumber" />
    <link:loc xlink:href="https://xbrl.sec.gov/dei/2021q4/dei-2021q4.xsd#dei_EntityIncorporationStateCountryCode" xlink:type="locator" xlink:label="dei_EntityIncorporationStateCountryCode" />
    <link:loc xlink:href="https://xbrl.sec.gov/dei/2021q4/dei-2021q4.xsd#dei_EntityFileNumber" xlink:type="locator" xlink:label="dei_EntityFileNumber" />
    <link:loc xlink:href="https://xbrl.sec.gov/dei/2021q4/dei-2021q4.xsd#dei_DocumentTransitionReport" xlink:type="locator" xlink:label="dei_DocumentTransitionReport" />
    <link:loc xlink:href="https://xbrl.sec.gov/dei/2021q4/dei-2021q4.xsd#dei_DocumentAnnualReport" xlink:type="locator" xlink:label="dei_DocumentAnnualReport" />
    <link:loc xlink:href="https://xbrl.sec.gov/dei/2021q4/dei-2021q4.xsd#dei_EntityPublicFloat" xlink:type="locator" xlink:label="dei_EntityPublicFloat" />
    <link:loc xlink:href="https://xbrl.sec.gov/dei/2021q4/dei-2021q4.xsd#dei_EntityCommonStockSharesOutstanding" xlink:type="locator" xlink:label="dei_EntityCommonStockSharesOutstanding" />
    <link:loc xlink:href="https://xbrl.sec.gov/dei/2021q4/dei-2021q4.xsd#dei_EntityShellCompany" xlink:type="locator" xlink:label="dei_EntityShellCompany" />
    <link:loc xlink:href="https://xbrl.sec.gov/dei/2021q4/dei-2021q4.xsd#dei_EntityEmergingGrowthCompany" xlink:type="locator" xlink:label="dei_EntityEmergingGrowthCompany" />
    <link:loc xlink:href="https://xbrl.sec.gov/dei/2021q4/dei-2021q4.xsd#dei_EntitySmallBusiness" xlink:type="locator" xlink:label="dei_EntitySmallBusiness" />
    <link:loc xlink:href="https://xbrl.sec.gov/dei/2021q4/dei-2021q4.xsd#dei_EntityFilerCategory" xlink:type="locator" xlink:label="dei_EntityFilerCategory" />
    <link:loc xlink:href="https://xbrl.sec.gov/dei/2021q4/dei-2021q4.xsd#dei_EntityVoluntaryFilers" xlink:type="locator" xlink:label="dei_EntityVoluntaryFilers" />
    <link:loc xlink:href="https://xbrl.sec.gov/dei/2021q4/dei-2021q4.xsd#dei_EntityInteractiveDataCurrent" xlink:type="locator" xlink:label="dei_EntityInteractiveDataCurrent" />
    <link:loc xlink:href="https://xbrl.sec.gov/dei/2021q4/dei-2021q4.xsd#dei_EntityCurrentReportingStatus" xlink:type="locator" xlink:label="dei_EntityCurrentReportingStatus" />
    <link:loc xlink:href="https://xbrl.sec.gov/dei/2021q4/dei-2021q4.xsd#dei_EntityWellKnownSeasonedIssuer" xlink:type="locator" xlink:label="dei_EntityWellKnownSeasonedIssuer" />
    <link:loc xlink:href="https://xbrl.sec.gov/dei/2021q4/dei-2021q4.xsd#dei_CurrentFiscalYearEndDate" xlink:type="locator" xlink:label="dei_CurrentFiscalYearEndDate" />
    <link:loc xlink:href="https://xbrl.sec.gov/dei/2021q4/dei-2021q4.xsd#dei_EntityCentralIndexKey" xlink:type="locator" xlink:label="dei_EntityCentralIndexKey" />
    <link:loc xlink:href="https://xbrl.sec.gov/dei/2021q4/dei-2021q4.xsd#dei_EntityRegistrantName" xlink:type="locator" xlink:label="dei_EntityRegistrantName" />
    <link:loc xlink:href="https://xbrl.sec.gov/dei/2021q4/dei-2021q4.xsd#dei_SecurityExchangeName" xlink:type="locator" xlink:label="dei_SecurityExchangeName" />
    <link:loc xlink:href="https://xbrl.sec.gov/dei/2021q4/dei-2021q4.xsd#dei_Security12bTitle" xlink:type="locator" xlink:label="dei_Security12bTitle" />
    <link:loc xlink:href="https://xbrl.sec.gov/dei/2021q4/dei-2021q4.xsd#dei_TradingSymbol" xlink:type="locator" xlink:label="dei_TradingSymbol" />
    <link:loc xlink:href="https://xbrl.sec.gov/dei/2021q4/dei-2021q4.xsd#dei_DocumentFiscalPeriodFocus" xlink:type="locator" xlink:label="dei_DocumentFiscalPeriodFocus" />
    <link:loc xlink:href="https://xbrl.sec.gov/dei/2021q4/dei-2021q4.xsd#dei_DocumentFiscalYearFocus" xlink:type="locator" xlink:label="dei_DocumentFiscalYearFocus" />
    <link:loc xlink:href="https://xbrl.sec.gov/dei/2021q4/dei-2021q4.xsd#dei_DocumentPeriodEndDate" xlink:type="locator" xlink:label="dei_DocumentPeriodEndDate" />
    <link:loc xlink:href="https://xbrl.sec.gov/dei/2021q4/dei-2021q4.xsd#dei_AmendmentDescription" xlink:type="locator" xlink:label="dei_AmendmentDescription" />
    <link:loc xlink:href="https://xbrl.sec.gov/dei/2021q4/dei-2021q4.xsd#dei_AmendmentFlag" xlink:type="locator" xlink:label="dei_AmendmentFlag" />
    <link:loc xlink:href="https://xbrl.sec.gov/dei/2021q4/dei-2021q4.xsd#dei_DocumentType" xlink:type="locator" xlink:label="dei_DocumentType" />
    <link:loc xlink:href="https://xbrl.sec.gov/dei/2021q4/dei-2021q4.xsd#dei_CoverAbstract" xlink:type="locator" xlink:label="dei_CoverAbstract" />
    <link:presentationArc xlink:type="arc" xlink:arcrole="http://www.xbrl.org/2003/arcrole/parent-child" xlink:from="dei_CoverAbstract" xlink:to="dei_DocumentType" order="10010.00" priority="2" use="optional" preferredLabel="http://www.xbrl.org/2003/role/verboseLabel" />
    <link:presentationArc xlink:type="arc" xlink:arcrole="http://www.xbrl.org/2003/arcrole/parent-child" xlink:from="dei_CoverAbstract" xlink:to="dei_AmendmentFlag" order="10030.00" priority="2" use="optional" preferredLabel="http://www.xbrl.org/2003/role/terseLabel" />
    <link:presentationArc xlink:type="arc" xlink:arcrole="http://www.xbrl.org/2003/arcrole/parent-child" xlink:from="dei_CoverAbstract" xlink:to="dei_AmendmentDescription" order="10050.00" priority="2" use="optional" preferredLabel="http://www.xbrl.org/2003/role/terseLabel" />
    <link:presentationArc xlink:type="arc" xlink:arcrole="http://www.xbrl.org/2003/arcrole/parent-child" xlink:from="dei_CoverAbstract" xlink:to="dei_DocumentPeriodEndDate" order="10070.00" priority="2" use="optional" preferredLabel="http://www.xbrl.org/2003/role/terseLabel" />
    <link:presentationArc xlink:type="arc" xlink:arcrole="http://www.xbrl.org/2003/arcrole/parent-child" xlink:from="dei_CoverAbstract" xlink:to="dei_DocumentFiscalYearFocus" order="10090.00" priority="2" use="optional" preferredLabel="http://www.xbrl.org/2003/role/terseLabel" />
    <link:presentationArc xlink:type="arc" xlink:arcrole="http://www.xbrl.org/2003/arcrole/parent-child" xlink:from="dei_CoverAbstract" xlink:to="dei_DocumentFiscalPeriodFocus" order="10110.00" priority="2" use="optional" preferredLabel="http://www.xbrl.org/2003/role/terseLabel" />
    <link:presentationArc xlink:type="arc" xlink:arcrole="http://www.xbrl.org/2003/arcrole/parent-child" xlink:from="dei_CoverAbstract" xlink:to="dei_TradingSymbol" order="10130.00" priority="2" use="optional" preferredLabel="http://www.xbrl.org/2003/role/terseLabel" />
    <link:presentationArc xlink:type="arc" xlink:arcrole="http://www.xbrl.org/2003/arcrole/parent-child" xlink:from="dei_CoverAbstract" xlink:to="dei_Security12bTitle" order="10150.00" priority="2" use="optional" preferredLabel="http://www.xbrl.org/2003/role/terseLabel" />
    <link:presentationArc xlink:type="arc" xlink:arcrole="http://www.xbrl.org/2003/arcrole/parent-child" xlink:from="dei_CoverAbstract" xlink:to="dei_SecurityExchangeName" order="10170.00" priority="2" use="optional" preferredLabel="http://www.xbrl.org/2003/role/terseLabel" />
    <link:presentationArc xlink:type="arc" xlink:arcrole="http://www.xbrl.org/2003/arcrole/parent-child" xlink:from="dei_CoverAbstract" xlink:to="dei_EntityRegistrantName" order="10190.00" priority="2" use="optional" preferredLabel="http://www.xbrl.org/2003/role/terseLabel" />
    <link:presentationArc xlink:type="arc" xlink:arcrole="http://www.xbrl.org/2003/arcrole/parent-child" xlink:from="dei_CoverAbstract" xlink:to="dei_EntityCentralIndexKey" order="10210.00" priority="2" use="optional" preferredLabel="http://www.xbrl.org/2003/role/terseLabel" />
    <link:presentationArc xlink:type="arc" xlink:arcrole="http://www.xbrl.org/2003/arcrole/parent-child" xlink:from="dei_CoverAbstract" xlink:to="dei_CurrentFiscalYearEndDate" order="10230.00" priority="2" use="optional" preferredLabel="http://www.xbrl.org/2003/role/terseLabel" />
    <link:presentationArc xlink:type="arc" xlink:arcrole="http://www.xbrl.org/2003/arcrole/parent-child" xlink:from="dei_CoverAbstract" xlink:to="dei_EntityWellKnownSeasonedIssuer" order="10250.00" priority="2" use="optional" preferredLabel="http://www.xbrl.org/2003/role/terseLabel" />
    <link:presentationArc xlink:type="arc" xlink:arcrole="http://www.xbrl.org/2003/arcrole/parent-child" xlink:from="dei_CoverAbstract" xlink:to="dei_EntityCurrentReportingStatus" order="10270.00" priority="2" use="optional" preferredLabel="http://www.xbrl.org/2003/role/terseLabel" />
    <link:presentationArc xlink:type="arc" xlink:arcrole="http://www.xbrl.org/2003/arcrole/parent-child" xlink:from="dei_CoverAbstract" xlink:to="dei_EntityInteractiveDataCurrent" order="10290.00" priority="2" use="optional" preferredLabel="http://www.xbrl.org/2003/role/terseLabel" />
    <link:presentationArc xlink:type="arc" xlink:arcrole="http://www.xbrl.org/2003/arcrole/parent-child" xlink:from="dei_CoverAbstract" xlink:to="dei_EntityVoluntaryFilers" order="10310.00" priority="2" use="optional" preferredLabel="http://www.xbrl.org/2003/role/terseLabel" />
    <link:presentationArc xlink:type="arc" xlink:arcrole="http://www.xbrl.org/2003/arcrole/parent-child" xlink:from="dei_CoverAbstract" xlink:to="dei_EntityFilerCategory" order="10330.00" priority="2" use="optional" preferredLabel="http://www.xbrl.org/2003/role/terseLabel" />
    <link:presentationArc xlink:type="arc" xlink:arcrole="http://www.xbrl.org/2003/arcrole/parent-child" xlink:from="dei_CoverAbstract" xlink:to="dei_EntitySmallBusiness" order="10350.00" priority="2" use="optional" preferredLabel="http://www.xbrl.org/2003/role/terseLabel" />
    <link:presentationArc xlink:type="arc" xlink:arcrole="http://www.xbrl.org/2003/arcrole/parent-child" xlink:from="dei_CoverAbstract" xlink:to="dei_EntityEmergingGrowthCompany" order="10370.00" priority="2" use="optional" preferredLabel="http://www.xbrl.org/2003/role/terseLabel" />
    <link:presentationArc xlink:type="arc" xlink:arcrole="http://www.xbrl.org/2003/arcrole/parent-child" xlink:from="dei_CoverAbstract" xlink:to="dei_EntityShellCompany" order="10390.00" priority="2" use="optional" preferredLabel="http://www.xbrl.org/2003/role/terseLabel" />
    <link:presentationArc xlink:type="arc" xlink:arcrole="http://www.xbrl.org/2003/arcrole/parent-child" xlink:from="dei_CoverAbstract" xlink:to="dei_EntityCommonStockSharesOutstanding" order="10410.00" priority="2" use="optional" preferredLabel="http://www.xbrl.org/2003/role/terseLabel" />
    <link:presentationArc xlink:type="arc" xlink:arcrole="http://www.xbrl.org/2003/arcrole/parent-child" xlink:from="dei_CoverAbstract" xlink:to="dei_EntityPublicFloat" order="10430.00" priority="2" use="optional" preferredLabel="http://www.xbrl.org/2003/role/terseLabel" />
    <link:presentationArc xlink:type="arc" xlink:arcrole="http://www.xbrl.org/2003/arcrole/parent-child" xlink:from="dei_CoverAbstract" xlink:to="dei_DocumentAnnualReport" order="10450.00" priority="2" use="optional" preferredLabel="http://www.xbrl.org/2003/role/terseLabel" />
    <link:presentationArc xlink:type="arc" xlink:arcrole="http://www.xbrl.org/2003/arcrole/parent-child" xlink:from="dei_CoverAbstract" xlink:to="dei_DocumentTransitionReport" order="10470.00" priority="2" use="optional" preferredLabel="http://www.xbrl.org/2003/role/terseLabel" />
    <link:presentationArc xlink:type="arc" xlink:arcrole="http://www.xbrl.org/2003/arcrole/parent-child" xlink:from="dei_CoverAbstract" xlink:to="dei_EntityFileNumber" order="10490.00" priority="2" use="optional" preferredLabel="http://www.xbrl.org/2003/role/terseLabel" />
    <link:presentationArc xlink:type="arc" xlink:arcrole="http://www.xbrl.org/2003/arcrole/parent-child" xlink:from="dei_CoverAbstract" xlink:to="dei_EntityIncorporationStateCountryCode" order="10510.00" priority="2" use="optional" preferredLabel="http://www.xbrl.org/2003/role/terseLabel" />
    <link:presentationArc xlink:type="arc" xlink:arcrole="http://www.xbrl.org/2003/arcrole/parent-child" xlink:from="dei_CoverAbstract" xlink:to="dei_EntityTaxIdentificationNumber" order="10530.00" priority="2" use="optional" preferredLabel="http://www.xbrl.org/2003/role/terseLabel" />
    <link:presentationArc xlink:type="arc" xlink:arcrole="http://www.xbrl.org/2003/arcrole/parent-child" xlink:from="dei_CoverAbstract" xlink:to="dei_EntityAddressAddressLine1" order="10550.00" priority="2" use="optional" preferredLabel="http://www.xbrl.org/2003/role/terseLabel" />
    <link:presentationArc xlink:type="arc" xlink:arcrole="http://www.xbrl.org/2003/arcrole/parent-child" xlink:from="dei_CoverAbstract" xlink:to="dei_EntityAddressCityOrTown" order="10570.00" priority="2" use="optional" preferredLabel="http://www.xbrl.org/2003/role/terseLabel" />
    <link:presentationArc xlink:type="arc" xlink:arcrole="http://www.xbrl.org/2003/arcrole/parent-child" xlink:from="dei_CoverAbstract" xlink:to="dei_EntityAddressStateOrProvince" order="10590.00" priority="2" use="optional" preferredLabel="http://www.xbrl.org/2003/role/terseLabel" />
    <link:presentationArc xlink:type="arc" xlink:arcrole="http://www.xbrl.org/2003/arcrole/parent-child" xlink:from="dei_CoverAbstract" xlink:to="dei_EntityAddressPostalZipCode" order="10610.00" priority="2" use="optional" preferredLabel="http://www.xbrl.org/2003/role/terseLabel" />
    <link:presentationArc xlink:type="arc" xlink:arcrole="http://www.xbrl.org/2003/arcrole/parent-child" xlink:from="dei_CoverAbstract" xlink:to="dei_CityAreaCode" order="10630.00" priority="2" use="optional" preferredLabel="http://www.xbrl.org/2003/role/terseLabel" />
    <link:presentationArc xlink:type="arc" xlink:arcrole="http://www.xbrl.org/2003/arcrole/parent-child" xlink:from="dei_CoverAbstract" xlink:to="dei_LocalPhoneNumber" order="10650.00" priority="2" use="optional" preferredLabel="http://www.xbrl.org/2003/role/terseLabel" />
    <link:presentationArc xlink:type="arc" xlink:arcrole="http://www.xbrl.org/2003/arcrole/parent-child" xlink:from="dei_CoverAbstract" xlink:to="dei_IcfrAuditorAttestationFlag" order="10670.00" priority="2" use="optional" preferredLabel="http://www.xbrl.org/2003/role/terseLabel" />
    <link:presentationArc xlink:type="arc" xlink:arcrole="http://www.xbrl.org/2003/arcrole/parent-child" xlink:from="dei_CoverAbstract" xlink:to="dei_AuditorName" order="10690.00" priority="2" use="optional" preferredLabel="http://www.xbrl.org/2003/role/terseLabel" />
    <link:presentationArc xlink:type="arc" xlink:arcrole="http://www.xbrl.org/2003/arcrole/parent-child" xlink:from="dei_CoverAbstract" xlink:to="dei_AuditorFirmId" order="10710.00" priority="2" use="optional" preferredLabel="http://www.xbrl.org/2003/role/terseLabel" />
    <link:presentationArc xlink:type="arc" xlink:arcrole="http://www.xbrl.org/2003/arcrole/parent-child" xlink:from="dei_CoverAbstract" xlink:to="dei_AuditorLocation" order="10730.00" priority="2" use="optional" preferredLabel="http://www.xbrl.org/2003/role/terseLabel" />
  </link:presentationLink>
</link:linkbase>